{
  "XGBoost": {
    "auroc": 0.9565117171125647,
    "auroc_ci_lo": 0.9473354353108321,
    "auroc_ci_hi": 0.964436687770034,
    "auprc": 0.826944516371985,
    "auprc_ci_lo": 0.797564932305651,
    "auprc_ci_hi": 0.852393413792658,
    "n_test": 4715,
    "mortality": 0.11410392364793213
  },
  "Neural ODE": {
    "auroc": 0.9039482455258172,
    "auroc_ci_lo": 0.8906805789005395,
    "auroc_ci_hi": 0.9163823660800342,
    "auprc": 0.6661060928585224,
    "auprc_ci_lo": 0.6292381199228978,
    "auprc_ci_hi": 0.7012849829830919,
    "n_test": 4715,
    "mortality": 0.11410392075777054
  },
  "BERT (notes)": {
    "auroc": 0.8808826971564053,
    "auroc_ci_lo": 0.8660768277713601,
    "auroc_ci_hi": 0.8946518651768487,
    "auprc": 0.5386587125743555,
    "auprc_ci_lo": 0.4916496630280981,
    "auprc_ci_hi": 0.5839431670901922,
    "n_test": 4715,
    "mortality": 0.11410392075777054
  },
  "delong_tests": {
    "XGBoost vs Neural ODE": {
      "auroc_1": 0.9565117171125646,
      "auroc_2": 0.9039482455258172,
      "z": 11.2167448131626,
      "p_value": 0.0
    }
  }
}